Image,Emotion,Hair_length,Hair_color,Eye,Gender,Ethnicity,Age
./images/1_512.jpg,neutral,short,gray,brown,male,white,elderly
./images/1_512.jpg,neutral,short,gray,brown,male,white,elderly
./images/1_512.jpg,neutral,short,gray,brown,male,white,elderly
./images/1_512.jpg,neutral,short,gray,brown,male,white,elderly
./images/1_512.jpg,neutral,short,gray,brown,male,white,elderly
./images/2_512.jpg,neutral,short,gray,brown,male,white,elderly
./images/2_512.jpg,neutral,short,gray,brown,male,white,elderly
./images/2_512.jpg,neutral,short,gray,brown,male,white,elderly
./images/2_512.jpg,neutral,short,gray,brown,male,white,elderly
./images/2_512.jpg,neutral,short,gray,brown,male,white,elderly
./images/3_512.jpg,neutral,short,gray,brown,male,white,elderly
./images/3_512.jpg,neutral,short,gray,brown,male,white,elderly
./images/3_512.jpg,neutral,short,gray,brown,male,white,elderly
./images/3_512.jpg,neutral,short,gray,brown,male,white,elderly
./images/3_512.jpg,neutral,short,gray,brown,male,white,elderly
./images/4_512.jpg,joy,short,gray,brown,female,white,elderly
./images/4_512.jpg,joy,short,gray,brown,female,white,elderly
./images/4_512.jpg,joy,short,gray,brown,female,white,elderly
./images/4_512.jpg,joy,short,gray,brown,female,white,elderly
./images/4_512.jpg,joy,short,gray,brown,female,white,elderly
./images/5_512.jpg,neutral,short,gray,brown,male,asian,elderly
./images/5_512.jpg,neutral,short,gray,brown,male,asian,elderly
./images/5_512.jpg,neutral,short,gray,brown,male,asian,elderly
./images/5_512.jpg,neutral,short,gray,brown,male,asian,elderly
./images/5_512.jpg,neutral,short,gray,brown,male,asian,elderly
./images/6_512.jpg,joy,short,gray,brown,female,white,elderly
./images/6_512.jpg,joy,short,gray,brown,female,white,elderly
./images/6_512.jpg,joy,short,gray,brown,female,white,elderly
./images/6_512.jpg,joy,short,gray,brown,female,white,elderly
./images/6_512.jpg,joy,short,gray,brown,female,white,elderly
./images/7_512.jpg,joy,short,gray,brown,male,white,elderly
./images/7_512.jpg,joy,short,gray,brown,male,white,elderly
./images/7_512.jpg,joy,short,gray,brown,male,white,elderly
./images/7_512.jpg,joy,short,gray,brown,male,white,elderly
./images/7_512.jpg,joy,short,gray,brown,male,white,elderly
./images/8_512.jpg,joy,short,gray,grey,female,white,elderly
./images/8_512.jpg,joy,short,gray,grey,female,white,elderly
./images/8_512.jpg,joy,short,gray,grey,female,white,elderly
./images/8_512.jpg,joy,short,gray,grey,female,white,elderly
./images/8_512.jpg,joy,short,gray,grey,female,white,elderly
./images/9_512.jpg,joy,short,gray,grey,female,white,elderly
./images/9_512.jpg,joy,short,gray,grey,female,white,elderly
./images/9_512.jpg,joy,short,gray,grey,female,white,elderly
./images/9_512.jpg,joy,short,gray,grey,female,white,elderly
./images/9_512.jpg,joy,short,gray,grey,female,white,elderly
./images/10_512.jpg,neutral,short,gray,brown,male,black,elderly
./images/10_512.jpg,neutral,short,gray,brown,male,black,elderly
./images/10_512.jpg,neutral,short,gray,brown,male,black,elderly
./images/10_512.jpg,neutral,short,gray,brown,male,black,elderly
./images/10_512.jpg,neutral,short,gray,brown,male,black,elderly
./images/11_512.jpg,neutral,short,gray,brown,male,white,elderly
./images/11_512.jpg,neutral,short,gray,brown,male,white,elderly
./images/11_512.jpg,neutral,short,gray,brown,male,white,elderly
./images/11_512.jpg,neutral,short,gray,brown,male,white,elderly
./images/11_512.jpg,neutral,short,gray,brown,male,white,elderly
./images/12_512.jpg,neutral,short,gray,brown,male,white,elderly
./images/12_512.jpg,neutral,short,gray,brown,male,white,elderly
./images/12_512.jpg,neutral,short,gray,brown,male,white,elderly
./images/12_512.jpg,neutral,short,gray,brown,male,white,elderly
./images/12_512.jpg,neutral,short,gray,brown,male,white,elderly
./images/13_512.jpg,neutral,short,gray,brown,male,white,elderly
./images/13_512.jpg,neutral,short,gray,brown,male,white,elderly
./images/13_512.jpg,neutral,short,gray,brown,male,white,elderly
./images/13_512.jpg,neutral,short,gray,brown,male,white,elderly
./images/13_512.jpg,neutral,short,gray,brown,male,white,elderly
./images/14_512.jpg,neutral,short,gray,brown,male,black,adult
./images/14_512.jpg,neutral,short,gray,brown,male,black,adult
./images/14_512.jpg,neutral,short,gray,brown,male,black,adult
./images/14_512.jpg,neutral,short,gray,brown,male,black,adult
./images/14_512.jpg,neutral,short,gray,brown,male,black,adult
./images/15_512.jpg,joy,short,gray,grey,male,white,elderly
./images/15_512.jpg,joy,short,gray,grey,male,white,elderly
./images/15_512.jpg,joy,short,gray,grey,male,white,elderly
./images/15_512.jpg,joy,short,gray,grey,male,white,elderly
./images/15_512.jpg,joy,short,gray,grey,male,white,elderly
./images/16_512.jpg,joy,medium,gray,brown,female,white,elderly
./images/16_512.jpg,joy,medium,gray,brown,female,white,elderly
./images/16_512.jpg,joy,medium,gray,brown,female,white,elderly
./images/16_512.jpg,joy,medium,gray,brown,female,white,elderly
./images/16_512.jpg,joy,medium,gray,brown,female,white,elderly
./images/17_512.jpg,neutral,short,gray,brown,male,white,elderly
./images/17_512.jpg,neutral,short,gray,brown,male,white,elderly
./images/17_512.jpg,neutral,short,gray,brown,male,white,elderly
./images/17_512.jpg,neutral,short,gray,brown,male,white,elderly
./images/17_512.jpg,neutral,short,gray,brown,male,white,elderly
./images/18_512.jpg,neutral,short,gray,brown,male,white,elderly
./images/18_512.jpg,neutral,short,gray,brown,male,white,elderly
./images/18_512.jpg,neutral,short,gray,brown,male,white,elderly
./images/18_512.jpg,neutral,short,gray,brown,male,white,elderly
./images/18_512.jpg,neutral,short,gray,brown,male,white,elderly
./images/19_512.jpg,neutral,short,gray,brown,male,white,elderly
./images/19_512.jpg,neutral,short,gray,brown,male,white,elderly
./images/19_512.jpg,neutral,short,gray,brown,male,white,elderly
./images/19_512.jpg,neutral,short,gray,brown,male,white,elderly
./images/19_512.jpg,neutral,short,gray,brown,male,white,elderly
./images/20_512.jpg,neutral,short,gray,brown,male,white,elderly
./images/20_512.jpg,neutral,short,gray,brown,male,white,elderly
./images/20_512.jpg,neutral,short,gray,brown,male,white,elderly
./images/20_512.jpg,neutral,short,gray,brown,male,white,elderly
./images/20_512.jpg,neutral,short,gray,brown,male,white,elderly
./images/21_512.jpg,joy,short,gray,brown,male,white,elderly
./images/21_512.jpg,joy,short,gray,brown,male,white,elderly
./images/21_512.jpg,joy,short,gray,brown,male,white,elderly
./images/21_512.jpg,joy,short,gray,brown,male,white,elderly
./images/21_512.jpg,joy,short,gray,brown,male,white,elderly
./images/22_512.jpg,joy,short,gray,brown,male,white,elderly
./images/22_512.jpg,joy,short,gray,brown,male,white,elderly
./images/22_512.jpg,joy,short,gray,brown,male,white,elderly
./images/22_512.jpg,joy,short,gray,brown,male,white,elderly
./images/22_512.jpg,joy,short,gray,brown,male,white,elderly
./images/23_512.jpg,joy,short,gray,brown,male,white,elderly
./images/23_512.jpg,joy,short,gray,brown,male,white,elderly
./images/23_512.jpg,joy,short,gray,brown,male,white,elderly
./images/23_512.jpg,joy,short,gray,brown,male,white,elderly
./images/23_512.jpg,joy,short,gray,brown,male,white,elderly
./images/24_512.jpg,neutral,short,gray,brown,male,white,elderly
./images/24_512.jpg,neutral,short,gray,brown,male,white,elderly
./images/24_512.jpg,neutral,short,gray,brown,male,white,elderly
./images/24_512.jpg,neutral,short,gray,brown,male,white,elderly
./images/24_512.jpg,neutral,short,gray,brown,male,white,elderly
./images/25_512.jpg,neutral,short,gray,grey,male,white,elderly
./images/25_512.jpg,neutral,short,gray,grey,male,white,elderly
./images/25_512.jpg,neutral,short,gray,grey,male,white,elderly
./images/25_512.jpg,neutral,short,gray,grey,male,white,elderly
./images/25_512.jpg,neutral,short,gray,grey,male,white,elderly
./images/26_512.jpg,neutral,short,gray,brown,male,white,elderly
./images/26_512.jpg,neutral,short,gray,brown,male,white,elderly
./images/26_512.jpg,neutral,short,gray,brown,male,white,elderly
./images/26_512.jpg,neutral,short,gray,brown,male,white,elderly
./images/26_512.jpg,neutral,short,gray,brown,male,white,elderly
./images/27_512.jpg,joy,medium,gray,brown,female,white,elderly
./images/27_512.jpg,joy,medium,gray,brown,female,white,elderly
./images/27_512.jpg,joy,medium,gray,brown,female,white,elderly
./images/27_512.jpg,joy,medium,gray,brown,female,white,elderly
./images/27_512.jpg,joy,medium,gray,brown,female,white,elderly
./images/28_512.jpg,neutral,short,gray,brown,male,white,elderly
./images/28_512.jpg,neutral,short,gray,brown,male,white,elderly
./images/28_512.jpg,neutral,short,gray,brown,male,white,elderly
./images/28_512.jpg,neutral,short,gray,brown,male,white,elderly
./images/28_512.jpg,neutral,short,gray,brown,male,white,elderly
./images/29_512.jpg,joy,short,gray,brown,male,white,elderly
./images/29_512.jpg,joy,short,gray,brown,male,white,elderly
./images/29_512.jpg,joy,short,gray,brown,male,white,elderly
./images/29_512.jpg,joy,short,gray,brown,male,white,elderly
./images/29_512.jpg,joy,short,gray,brown,male,white,elderly
./images/30_512.jpg,joy,short,gray,brown,male,white,elderly
./images/30_512.jpg,joy,short,gray,brown,male,white,elderly
./images/30_512.jpg,joy,short,gray,brown,male,white,elderly
./images/30_512.jpg,joy,short,gray,brown,male,white,elderly
./images/30_512.jpg,joy,short,gray,brown,male,white,elderly
./images/31_512.jpg,joy,short,gray,brown,male,white,elderly
./images/31_512.jpg,joy,short,gray,brown,male,white,elderly
./images/31_512.jpg,joy,short,gray,brown,male,white,elderly
./images/31_512.jpg,joy,short,gray,brown,male,white,elderly
./images/31_512.jpg,joy,short,gray,brown,male,white,elderly
./images/32_512.jpg,neutral,short,gray,brown,male,white,elderly
./images/32_512.jpg,neutral,short,gray,brown,male,white,elderly
./images/32_512.jpg,neutral,short,gray,brown,male,white,elderly
./images/32_512.jpg,neutral,short,gray,brown,male,white,elderly
./images/32_512.jpg,neutral,short,gray,brown,male,white,elderly
./images/33_512.jpg,joy,medium,gray,blue,female,white,elderly
./images/33_512.jpg,joy,medium,gray,blue,female,white,elderly
./images/33_512.jpg,joy,medium,gray,blue,female,white,elderly
./images/33_512.jpg,joy,medium,gray,blue,female,white,elderly
./images/33_512.jpg,joy,medium,gray,blue,female,white,elderly
./images/34_512.jpg,neutral,short,gray,brown,male,white,elderly
./images/34_512.jpg,neutral,short,gray,brown,male,white,elderly
./images/34_512.jpg,neutral,short,gray,brown,male,white,elderly
./images/34_512.jpg,neutral,short,gray,brown,male,white,elderly
./images/34_512.jpg,neutral,short,gray,brown,male,white,elderly
./images/35_512.jpg,neutral,short,gray,brown,male,white,elderly
./images/35_512.jpg,neutral,short,gray,brown,male,white,elderly
./images/35_512.jpg,neutral,short,gray,brown,male,white,elderly
./images/35_512.jpg,neutral,short,gray,brown,male,white,elderly
./images/35_512.jpg,neutral,short,gray,brown,male,white,elderly
./images/36_512.jpg,neutral,short,gray,brown,male,white,elderly
./images/36_512.jpg,neutral,short,gray,brown,male,white,elderly
./images/36_512.jpg,neutral,short,gray,brown,male,white,elderly
./images/36_512.jpg,neutral,short,gray,brown,male,white,elderly
./images/36_512.jpg,neutral,short,gray,brown,male,white,elderly
./images/37_512.jpg,joy,short,gray,brown,male,white,elderly
./images/37_512.jpg,joy,short,gray,brown,male,white,elderly
./images/37_512.jpg,joy,short,gray,brown,male,white,elderly
./images/37_512.jpg,joy,short,gray,brown,male,white,elderly
./images/37_512.jpg,joy,short,gray,brown,male,white,elderly
./images/38_512.jpg,joy,short,gray,brown,male,white,elderly
./images/38_512.jpg,joy,short,gray,brown,male,white,elderly
./images/38_512.jpg,joy,short,gray,brown,male,white,elderly
./images/38_512.jpg,joy,short,gray,brown,male,white,elderly
./images/38_512.jpg,joy,short,gray,brown,male,white,elderly
./images/39_512.jpg,neutral,short,gray,brown,male,white,elderly
./images/39_512.jpg,neutral,short,gray,brown,male,white,elderly
./images/39_512.jpg,neutral,short,gray,brown,male,white,elderly
./images/39_512.jpg,neutral,short,gray,brown,male,white,elderly
./images/39_512.jpg,neutral,short,gray,brown,male,white,elderly
./images/40_512.jpg,neutral,short,gray,brown,male,white,elderly
./images/40_512.jpg,neutral,short,gray,brown,male,white,elderly
./images/40_512.jpg,neutral,short,gray,brown,male,white,elderly
./images/40_512.jpg,neutral,short,gray,brown,male,white,elderly
./images/40_512.jpg,neutral,short,gray,brown,male,white,elderly
./images/41_512.jpg,neutral,short,gray,brown,male,black,elderly
./images/41_512.jpg,neutral,short,gray,brown,male,black,elderly
./images/41_512.jpg,neutral,short,gray,brown,male,black,elderly
./images/41_512.jpg,neutral,short,gray,brown,male,black,elderly
./images/41_512.jpg,neutral,short,gray,brown,male,black,elderly
./images/42_512.jpg,neutral,short,gray,brown,male,white,elderly
./images/42_512.jpg,neutral,short,gray,brown,male,white,elderly
./images/42_512.jpg,neutral,short,gray,brown,male,white,elderly
./images/42_512.jpg,neutral,short,gray,brown,male,white,elderly
./images/42_512.jpg,neutral,short,gray,brown,male,white,elderly
./images/43_512.jpg,neutral,short,gray,grey,male,white,elderly
./images/43_512.jpg,neutral,short,gray,grey,male,white,elderly
./images/43_512.jpg,neutral,short,gray,grey,male,white,elderly
./images/43_512.jpg,neutral,short,gray,grey,male,white,elderly
./images/43_512.jpg,neutral,short,gray,grey,male,white,elderly
./images/44_512.jpg,joy,short,gray,blue,male,white,elderly
./images/44_512.jpg,joy,short,gray,blue,male,white,elderly
./images/44_512.jpg,joy,short,gray,blue,male,white,elderly
./images/44_512.jpg,joy,short,gray,blue,male,white,elderly
./images/44_512.jpg,joy,short,gray,blue,male,white,elderly
./images/45_512.jpg,neutral,short,gray,brown,male,white,elderly
./images/45_512.jpg,neutral,short,gray,brown,male,white,elderly
./images/45_512.jpg,neutral,short,gray,brown,male,white,elderly
./images/45_512.jpg,neutral,short,gray,brown,male,white,elderly
./images/45_512.jpg,neutral,short,gray,brown,male,white,elderly
./images/46_512.jpg,neutral,short,gray,brown,male,white,elderly
./images/46_512.jpg,neutral,short,gray,brown,male,white,elderly
./images/46_512.jpg,neutral,short,gray,brown,male,white,elderly
./images/46_512.jpg,neutral,short,gray,brown,male,white,elderly
./images/46_512.jpg,neutral,short,gray,brown,male,white,elderly
./images/47_512.jpg,joy,short,gray,grey,female,white,elderly
./images/47_512.jpg,joy,short,gray,grey,female,white,elderly
./images/47_512.jpg,joy,short,gray,grey,female,white,elderly
./images/47_512.jpg,joy,short,gray,grey,female,white,elderly
./images/47_512.jpg,joy,short,gray,grey,female,white,elderly
./images/48_512.jpg,joy,short,gray,grey,female,white,elderly
./images/48_512.jpg,joy,short,gray,grey,female,white,elderly
./images/48_512.jpg,joy,short,gray,grey,female,white,elderly
./images/48_512.jpg,joy,short,gray,grey,female,white,elderly
./images/48_512.jpg,joy,short,gray,grey,female,white,elderly
./images/49_512.jpg,joy,short,gray,brown,male,white,elderly
./images/49_512.jpg,joy,short,gray,brown,male,white,elderly
./images/49_512.jpg,joy,short,gray,brown,male,white,elderly
./images/49_512.jpg,joy,short,gray,brown,male,white,elderly
./images/49_512.jpg,joy,short,gray,brown,male,white,elderly
./images/50_512.jpg,neutral,short,gray,brown,male,white,elderly
./images/50_512.jpg,neutral,short,gray,brown,male,white,elderly
./images/50_512.jpg,neutral,short,gray,brown,male,white,elderly
./images/50_512.jpg,neutral,short,gray,brown,male,white,elderly
./images/50_512.jpg,neutral,short,gray,brown,male,white,elderly
./images/51_512.jpg,neutral,short,gray,brown,male,white,elderly
./images/51_512.jpg,neutral,short,gray,brown,male,white,elderly
./images/51_512.jpg,neutral,short,gray,brown,male,white,elderly
./images/51_512.jpg,neutral,short,gray,brown,male,white,elderly
./images/51_512.jpg,neutral,short,gray,brown,male,white,elderly
./images/52_512.jpg,joy,short,gray,brown,male,white,elderly
./images/52_512.jpg,joy,short,gray,brown,male,white,elderly
./images/52_512.jpg,joy,short,gray,brown,male,white,elderly
./images/52_512.jpg,joy,short,gray,brown,male,white,elderly
./images/52_512.jpg,joy,short,gray,brown,male,white,elderly
./images/53_512.jpg,joy,short,gray,brown,female,white,elderly
./images/53_512.jpg,joy,short,gray,brown,female,white,elderly
./images/53_512.jpg,joy,short,gray,brown,female,white,elderly
./images/53_512.jpg,joy,short,gray,brown,female,white,elderly
./images/53_512.jpg,joy,short,gray,brown,female,white,elderly
./images/54_512.jpg,neutral,short,gray,brown,male,white,elderly
./images/54_512.jpg,neutral,short,gray,brown,male,white,elderly
./images/54_512.jpg,neutral,short,gray,brown,male,white,elderly
./images/54_512.jpg,neutral,short,gray,brown,male,white,elderly
./images/54_512.jpg,neutral,short,gray,brown,male,white,elderly
./images/55_512.jpg,joy,short,gray,brown,male,white,elderly
./images/55_512.jpg,joy,short,gray,brown,male,white,elderly
./images/55_512.jpg,joy,short,gray,brown,male,white,elderly
./images/55_512.jpg,joy,short,gray,brown,male,white,elderly
./images/55_512.jpg,joy,short,gray,brown,male,white,elderly
./images/56_512.jpg,neutral,short,gray,brown,male,white,elderly
./images/56_512.jpg,neutral,short,gray,brown,male,white,elderly
./images/56_512.jpg,neutral,short,gray,brown,male,white,elderly
./images/56_512.jpg,neutral,short,gray,brown,male,white,elderly
./images/56_512.jpg,neutral,short,gray,brown,male,white,elderly
./images/57_512.jpg,neutral,short,gray,brown,male,white,elderly
./images/57_512.jpg,neutral,short,gray,brown,male,white,elderly
./images/57_512.jpg,neutral,short,gray,brown,male,white,elderly
./images/57_512.jpg,neutral,short,gray,brown,male,white,elderly
./images/57_512.jpg,neutral,short,gray,brown,male,white,elderly
./images/58_512.jpg,joy,short,gray,brown,male,white,elderly
./images/58_512.jpg,joy,short,gray,brown,male,white,elderly
./images/58_512.jpg,joy,short,gray,brown,male,white,elderly
./images/58_512.jpg,joy,short,gray,brown,male,white,elderly
./images/58_512.jpg,joy,short,gray,brown,male,white,elderly
./images/59_512.jpg,neutral,short,gray,brown,male,white,elderly
./images/59_512.jpg,neutral,short,gray,brown,male,white,elderly
./images/59_512.jpg,neutral,short,gray,brown,male,white,elderly
./images/59_512.jpg,neutral,short,gray,brown,male,white,elderly
./images/59_512.jpg,neutral,short,gray,brown,male,white,elderly
./images/60_512.jpg,neutral,short,gray,brown,male,white,elderly
./images/60_512.jpg,neutral,short,gray,brown,male,white,elderly
./images/60_512.jpg,neutral,short,gray,brown,male,white,elderly
./images/60_512.jpg,neutral,short,gray,brown,male,white,elderly
./images/60_512.jpg,neutral,short,gray,brown,male,white,elderly
./images/61_512.jpg,joy,short,gray,brown,male,white,elderly
./images/61_512.jpg,joy,short,gray,brown,male,white,elderly
./images/61_512.jpg,joy,short,gray,brown,male,white,elderly
./images/61_512.jpg,joy,short,gray,brown,male,white,elderly
./images/61_512.jpg,joy,short,gray,brown,male,white,elderly
./images/62_512.jpg,neutral,short,gray,brown,male,white,elderly
./images/62_512.jpg,neutral,short,gray,brown,male,white,elderly
./images/62_512.jpg,neutral,short,gray,brown,male,white,elderly
./images/62_512.jpg,neutral,short,gray,brown,male,white,elderly
./images/62_512.jpg,neutral,short,gray,brown,male,white,elderly
./images/63_512.jpg,neutral,short,gray,brown,male,white,elderly
./images/63_512.jpg,neutral,short,gray,brown,male,white,elderly
./images/63_512.jpg,neutral,short,gray,brown,male,white,elderly
./images/63_512.jpg,neutral,short,gray,brown,male,white,elderly
./images/63_512.jpg,neutral,short,gray,brown,male,white,elderly
./images/64_512.jpg,joy,short,gray,grey,male,white,elderly
./images/64_512.jpg,joy,short,gray,grey,male,white,elderly
./images/64_512.jpg,joy,short,gray,grey,male,white,elderly
./images/64_512.jpg,joy,short,gray,grey,male,white,elderly
./images/64_512.jpg,joy,short,gray,grey,male,white,elderly
./images/65_512.jpg,joy,short,gray,brown,male,white,elderly
./images/65_512.jpg,joy,short,gray,brown,male,white,elderly
./images/65_512.jpg,joy,short,gray,brown,male,white,elderly
./images/65_512.jpg,joy,short,gray,brown,male,white,elderly
./images/65_512.jpg,joy,short,gray,brown,male,white,elderly
./images/66_512.jpg,neutral,short,gray,brown,male,white,elderly
./images/66_512.jpg,neutral,short,gray,brown,male,white,elderly
./images/66_512.jpg,neutral,short,gray,brown,male,white,elderly
./images/66_512.jpg,neutral,short,gray,brown,male,white,elderly
./images/66_512.jpg,neutral,short,gray,brown,male,white,elderly
./images/67_512.jpg,neutral,short,gray,brown,male,white,adult
./images/67_512.jpg,neutral,short,gray,brown,male,white,adult
./images/67_512.jpg,neutral,short,gray,brown,male,white,adult
./images/67_512.jpg,neutral,short,gray,brown,male,white,adult
./images/67_512.jpg,neutral,short,gray,brown,male,white,adult
./images/68_512.jpg,neutral,short,gray,brown,male,white,elderly
./images/68_512.jpg,neutral,short,gray,brown,male,white,elderly
./images/68_512.jpg,neutral,short,gray,brown,male,white,elderly
./images/68_512.jpg,neutral,short,gray,brown,male,white,elderly
./images/68_512.jpg,neutral,short,gray,brown,male,white,elderly
./images/69_512.jpg,joy,short,gray,brown,male,white,elderly
./images/69_512.jpg,joy,short,gray,brown,male,white,elderly
./images/69_512.jpg,joy,short,gray,brown,male,white,elderly
./images/69_512.jpg,joy,short,gray,brown,male,white,elderly
./images/69_512.jpg,joy,short,gray,brown,male,white,elderly
./images/70_512.jpg,neutral,short,gray,brown,male,white,elderly
./images/70_512.jpg,neutral,short,gray,brown,male,white,elderly
./images/70_512.jpg,neutral,short,gray,brown,male,white,elderly
./images/70_512.jpg,neutral,short,gray,brown,male,white,elderly
./images/70_512.jpg,neutral,short,gray,brown,male,white,elderly
./images/71_512.jpg,neutral,short,gray,brown,male,white,elderly
./images/71_512.jpg,neutral,short,gray,brown,male,white,elderly
./images/71_512.jpg,neutral,short,gray,brown,male,white,elderly
./images/71_512.jpg,neutral,short,gray,brown,male,white,elderly
./images/71_512.jpg,neutral,short,gray,brown,male,white,elderly
./images/72_512.jpg,neutral,short,gray,brown,male,white,elderly
./images/72_512.jpg,neutral,short,gray,brown,male,white,elderly
./images/72_512.jpg,neutral,short,gray,brown,male,white,elderly
./images/72_512.jpg,neutral,short,gray,brown,male,white,elderly
./images/72_512.jpg,neutral,short,gray,brown,male,white,elderly
./images/73_512.jpg,neutral,short,gray,grey,male,white,adult
./images/73_512.jpg,neutral,short,gray,grey,male,white,adult
./images/73_512.jpg,neutral,short,gray,grey,male,white,adult
./images/73_512.jpg,neutral,short,gray,grey,male,white,adult
./images/73_512.jpg,neutral,short,gray,grey,male,white,adult
./images/74_512.jpg,neutral,short,gray,brown,male,white,elderly
./images/74_512.jpg,neutral,short,gray,brown,male,white,elderly
./images/74_512.jpg,neutral,short,gray,brown,male,white,elderly
./images/74_512.jpg,neutral,short,gray,brown,male,white,elderly
./images/74_512.jpg,neutral,short,gray,brown,male,white,elderly
./images/75_512.jpg,joy,short,gray,brown,male,white,elderly
./images/75_512.jpg,joy,short,gray,brown,male,white,elderly
./images/75_512.jpg,joy,short,gray,brown,male,white,elderly
./images/75_512.jpg,joy,short,gray,brown,male,white,elderly
./images/75_512.jpg,joy,short,gray,brown,male,white,elderly
./images/76_512.jpg,neutral,short,gray,brown,male,white,elderly
./images/76_512.jpg,neutral,short,gray,brown,male,white,elderly
./images/76_512.jpg,neutral,short,gray,brown,male,white,elderly
./images/76_512.jpg,neutral,short,gray,brown,male,white,elderly
./images/76_512.jpg,neutral,short,gray,brown,male,white,elderly
./images/77_512.jpg,neutral,short,gray,brown,male,white,elderly
./images/77_512.jpg,neutral,short,gray,brown,male,white,elderly
./images/77_512.jpg,neutral,short,gray,brown,male,white,elderly
./images/77_512.jpg,neutral,short,gray,brown,male,white,elderly
./images/77_512.jpg,neutral,short,gray,brown,male,white,elderly
./images/78_512.jpg,neutral,short,gray,brown,male,white,elderly
./images/78_512.jpg,neutral,short,gray,brown,male,white,elderly
./images/78_512.jpg,neutral,short,gray,brown,male,white,elderly
./images/78_512.jpg,neutral,short,gray,brown,male,white,elderly
./images/78_512.jpg,neutral,short,gray,brown,male,white,elderly
./images/79_512.jpg,joy,short,gray,brown,male,white,elderly
./images/79_512.jpg,joy,short,gray,brown,male,white,elderly
./images/79_512.jpg,joy,short,gray,brown,male,white,elderly
./images/79_512.jpg,joy,short,gray,brown,male,white,elderly
./images/79_512.jpg,joy,short,gray,brown,male,white,elderly
./images/80_512.jpg,joy,short,gray,brown,male,white,elderly
./images/80_512.jpg,joy,short,gray,brown,male,white,elderly
./images/80_512.jpg,joy,short,gray,brown,male,white,elderly
./images/80_512.jpg,joy,short,gray,brown,male,white,elderly
./images/80_512.jpg,joy,short,gray,brown,male,white,elderly
./images/81_512.jpg,neutral,short,gray,brown,male,white,elderly
./images/81_512.jpg,neutral,short,gray,brown,male,white,elderly
./images/81_512.jpg,neutral,short,gray,brown,male,white,elderly
./images/81_512.jpg,neutral,short,gray,brown,male,white,elderly
./images/81_512.jpg,neutral,short,gray,brown,male,white,elderly
./images/82_512.jpg,neutral,short,gray,brown,male,white,elderly
./images/82_512.jpg,neutral,short,gray,brown,male,white,elderly
./images/82_512.jpg,neutral,short,gray,brown,male,white,elderly
./images/82_512.jpg,neutral,short,gray,brown,male,white,elderly
./images/82_512.jpg,neutral,short,gray,brown,male,white,elderly
./images/83_512.jpg,joy,short,gray,brown,male,white,elderly
./images/83_512.jpg,joy,short,gray,brown,male,white,elderly
./images/83_512.jpg,joy,short,gray,brown,male,white,elderly
./images/83_512.jpg,joy,short,gray,brown,male,white,elderly
./images/83_512.jpg,joy,short,gray,brown,male,white,elderly
./images/84_512.jpg,joy,short,gray,brown,male,white,elderly
./images/84_512.jpg,joy,short,gray,brown,male,white,elderly
./images/84_512.jpg,joy,short,gray,brown,male,white,elderly
./images/84_512.jpg,joy,short,gray,brown,male,white,elderly
./images/84_512.jpg,joy,short,gray,brown,male,white,elderly
./images/85_512.jpg,joy,short,gray,grey,female,white,elderly
./images/85_512.jpg,joy,short,gray,grey,female,white,elderly
./images/85_512.jpg,joy,short,gray,grey,female,white,elderly
./images/85_512.jpg,joy,short,gray,grey,female,white,elderly
./images/85_512.jpg,joy,short,gray,grey,female,white,elderly
./images/86_512.jpg,neutral,short,gray,brown,male,white,elderly
./images/86_512.jpg,neutral,short,gray,brown,male,white,elderly
./images/86_512.jpg,neutral,short,gray,brown,male,white,elderly
./images/86_512.jpg,neutral,short,gray,brown,male,white,elderly
./images/86_512.jpg,neutral,short,gray,brown,male,white,elderly
./images/87_512.jpg,neutral,short,gray,brown,male,white,elderly
./images/87_512.jpg,neutral,short,gray,brown,male,white,elderly
./images/87_512.jpg,neutral,short,gray,brown,male,white,elderly
./images/87_512.jpg,neutral,short,gray,brown,male,white,elderly
./images/87_512.jpg,neutral,short,gray,brown,male,white,elderly
./images/88_512.jpg,neutral,short,gray,brown,male,white,adult
./images/88_512.jpg,neutral,short,gray,brown,male,white,adult
./images/88_512.jpg,neutral,short,gray,brown,male,white,adult
./images/88_512.jpg,neutral,short,gray,brown,male,white,adult
./images/88_512.jpg,neutral,short,gray,brown,male,white,adult
./images/89_512.jpg,neutral,short,gray,brown,male,white,elderly
./images/89_512.jpg,neutral,short,gray,brown,male,white,elderly
./images/89_512.jpg,neutral,short,gray,brown,male,white,elderly
./images/89_512.jpg,neutral,short,gray,brown,male,white,elderly
./images/89_512.jpg,neutral,short,gray,brown,male,white,elderly
./images/90_512.jpg,joy,short,gray,brown,male,white,elderly
./images/90_512.jpg,joy,short,gray,brown,male,white,elderly
./images/90_512.jpg,joy,short,gray,brown,male,white,elderly
./images/90_512.jpg,joy,short,gray,brown,male,white,elderly
./images/90_512.jpg,joy,short,gray,brown,male,white,elderly
./images/91_512.jpg,neutral,short,gray,brown,male,white,elderly
./images/91_512.jpg,neutral,short,gray,brown,male,white,elderly
./images/91_512.jpg,neutral,short,gray,brown,male,white,elderly
./images/91_512.jpg,neutral,short,gray,brown,male,white,elderly
./images/91_512.jpg,neutral,short,gray,brown,male,white,elderly
./images/92_512.jpg,neutral,short,gray,brown,male,white,elderly
./images/92_512.jpg,neutral,short,gray,brown,male,white,elderly
./images/92_512.jpg,neutral,short,gray,brown,male,white,elderly
./images/92_512.jpg,neutral,short,gray,brown,male,white,elderly
./images/92_512.jpg,neutral,short,gray,brown,male,white,elderly
./images/93_512.jpg,neutral,short,gray,brown,male,white,adult
./images/93_512.jpg,neutral,short,gray,brown,male,white,adult
./images/93_512.jpg,neutral,short,gray,brown,male,white,adult
./images/93_512.jpg,neutral,short,gray,brown,male,white,adult
./images/93_512.jpg,neutral,short,gray,brown,male,white,adult
./images/94_512.jpg,neutral,short,gray,brown,male,white,elderly
./images/94_512.jpg,neutral,short,gray,brown,male,white,elderly
./images/94_512.jpg,neutral,short,gray,brown,male,white,elderly
./images/94_512.jpg,neutral,short,gray,brown,male,white,elderly
./images/94_512.jpg,neutral,short,gray,brown,male,white,elderly
./images/95_512.jpg,neutral,short,gray,brown,male,white,elderly
./images/95_512.jpg,neutral,short,gray,brown,male,white,elderly
./images/95_512.jpg,neutral,short,gray,brown,male,white,elderly
./images/95_512.jpg,neutral,short,gray,brown,male,white,elderly
./images/95_512.jpg,neutral,short,gray,brown,male,white,elderly
./images/96_512.jpg,neutral,short,gray,brown,male,white,elderly
./images/96_512.jpg,neutral,short,gray,brown,male,white,elderly
./images/96_512.jpg,neutral,short,gray,brown,male,white,elderly
./images/96_512.jpg,neutral,short,gray,brown,male,white,elderly
./images/96_512.jpg,neutral,short,gray,brown,male,white,elderly
./images/97_512.jpg,joy,medium,gray,blue,female,white,elderly
./images/97_512.jpg,joy,medium,gray,blue,female,white,elderly
./images/97_512.jpg,joy,medium,gray,blue,female,white,elderly
./images/97_512.jpg,joy,medium,gray,blue,female,white,elderly
./images/97_512.jpg,joy,medium,gray,blue,female,white,elderly
./images/98_512.jpg,joy,short,gray,brown,male,white,elderly
./images/98_512.jpg,joy,short,gray,brown,male,white,elderly
./images/98_512.jpg,joy,short,gray,brown,male,white,elderly
./images/98_512.jpg,joy,short,gray,brown,male,white,elderly
./images/98_512.jpg,joy,short,gray,brown,male,white,elderly
./images/99_512.jpg,neutral,short,gray,brown,male,black,elderly
./images/99_512.jpg,neutral,short,gray,brown,male,black,elderly
./images/99_512.jpg,neutral,short,gray,brown,male,black,elderly
./images/99_512.jpg,neutral,short,gray,brown,male,black,elderly
./images/99_512.jpg,neutral,short,gray,brown,male,black,elderly
./images/100_512.jpg,joy,short,gray,brown,male,white,elderly
./images/100_512.jpg,joy,short,gray,brown,male,white,elderly
./images/100_512.jpg,joy,short,gray,brown,male,white,elderly
./images/100_512.jpg,joy,short,gray,brown,male,white,elderly
./images/100_512.jpg,joy,short,gray,brown,male,white,elderly
